manager,bids,pct_49,p_vs_league,pct_05,pct_01,median_bid,mean_bid,total_spent,win_rate,seasons
gizzle4,441,0.04081632653061224,0.0030202532142554568,0.5510204081632653,0.6893424036281179,0.0,2.6077097505668934,670,0.3764172335600907,7
blinton2,364,0.0521978021978022,0.09268544943639193,0.7087912087912088,0.739010989010989,0.0,2.3763736263736264,564,0.3269230769230769,7
BillFroemming,304,0.10526315789473684,0.06597685239151702,0.4934210526315789,0.5526315789473685,1.0,3.4375,608,0.4901315789473684,7
bgabrielsen,216,0.041666666666666664,0.05418733250168735,0.5,0.3194444444444444,3.0,5.166666666666667,578,0.4398148148148148,7
Jgersowsky,213,0.03286384976525822,0.013567948884257188,0.5352112676056338,0.539906103286385,1.0,4.31924882629108,478,0.36619718309859156,7
jcarney3344,209,0.05741626794258373,0.361899678178068,0.507177033492823,0.47368421052631576,2.0,4.157894736842105,563,0.5358851674641149,7
mlguagliardo,199,0.18090452261306533,1.3885081035087964e-06,0.15577889447236182,0.12060301507537688,4.0,5.623115577889447,584,0.5628140703517588,7
OGJonnyB,162,0.1111111111111111,0.1029929451573974,0.30864197530864196,0.29012345679012347,3.5,5.709876543209877,559,0.5617283950617284,7
11kaplandh,161,0.16149068322981366,0.00027957308384734695,0.3167701863354037,0.37267080745341613,3.0,7.136645962732919,613,0.5403726708074534,7
nsaed,135,0.05185185185185185,0.3334002457548006,0.5481481481481482,0.31851851851851853,5.0,8.08148148148148,553,0.45185185185185184,7
