manager,position,n_bids,p_bid,q25,med,q75,pct_49,pct_05,pct_49_big,pct_05_big
11kaplandh,DEF,21,0.1206896551724138,0.0,1.6363636363636362,2.6363636363636367,0.1111111111111111,0.2222222222222222,0.1111111111111111,0.2222222222222222
11kaplandh,QB,6,0.0659340659340659,0.0833333333333333,2.166666666666667,7.5,0.2222222222222222,0.1111111111111111,0.2222222222222222,0.1111111111111111
11kaplandh,RB,58,0.3135135135135135,0.0,3.0,10.82857142857143,0.14814814814814814,0.037037037037037035,0.14814814814814814,0.037037037037037035
11kaplandh,TE,8,0.0987654320987654,0.3,3.0000000000000004,9.1,0.25,0.25,0.25,0.25
11kaplandh,WR,28,0.14,0.5249999999999999,3.05,7.8,0.4117647058823529,0.058823529411764705,0.4117647058823529,0.058823529411764705
BillFroemming,DEF,39,0.2241379310344827,0.0,1.0,2.764705882352941,0.0,0.6,0.0,0.6
BillFroemming,QB,19,0.2087912087912088,0.0,0.7741935483870968,4.241935483870968,0.3333333333333333,0.16666666666666666,0.3333333333333333,0.16666666666666666
BillFroemming,RB,65,0.3513513513513513,0.0,2.155844155844156,6.623376623376624,0.3333333333333333,0.14814814814814814,0.3333333333333333,0.14814814814814814
BillFroemming,TE,26,0.3209876543209876,0.0,0.3157894736842105,2.947368421052632,0.0,0.14285714285714285,0.0,0.14285714285714285
BillFroemming,WR,79,0.395,0.0,1.1318681318681318,4.131868131868131,0.03225806451612903,0.12903225806451613,0.03225806451612903,0.12903225806451613
Jgersowsky,DEF,25,0.1436781609195402,0.0,1.0,4.027027027027026,0.0,0.42857142857142855,0.0,0.42857142857142855
Jgersowsky,QB,29,0.3186813186813186,0.0,1.2926829268292683,4.170731707317073,0.08333333333333333,0.25,0.08333333333333333,0.25
Jgersowsky,RB,31,0.1675675675675675,0.7209302325581395,3.72093023255814,8.197674418604652,0.047619047619047616,0.6190476190476191,0.047619047619047616,0.6190476190476191
Jgersowsky,TE,17,0.2098765432098765,0.0,1.0,3.827586206896552,0.0,1.0,0.0,1.0
Jgersowsky,WR,57,0.285,0.0,1.1739130434782608,6.652173913043479,0.09523809523809523,0.2857142857142857,0.09523809523809523,0.2857142857142857
OGJonnyB,DEF,21,0.1206896551724138,0.6363636363636364,2.909090909090909,6.454545454545455,0.08333333333333333,0.3333333333333333,0.08333333333333333,0.3333333333333333
OGJonnyB,QB,13,0.1428571428571428,0.52,3.56,7.0,0.1111111111111111,0.3333333333333333,0.1111111111111111,0.3333333333333333
OGJonnyB,RB,42,0.227027027027027,0.7777777777777778,3.7777777777777777,8.444444444444445,0.045454545454545456,0.22727272727272727,0.045454545454545456,0.22727272727272727
OGJonnyB,TE,15,0.1851851851851851,0.2777777777777778,1.5555555555555556,5.833333333333334,0.0,0.4444444444444444,0.0,0.4444444444444444
OGJonnyB,WR,48,0.24,0.8,2.8000000000000003,5.4,0.17647058823529413,0.17647058823529413,0.17647058823529413,0.17647058823529413
bgabrielsen,DEF,66,0.3793103448275862,0.0,1.8461538461538465,2.846153846153846,0.0,1.0,0.0,1.0
bgabrielsen,QB,15,0.1648351648351648,0.5555555555555556,3.6666666666666665,8.666666666666666,0.0,0.7692307692307693,0.0,0.7692307692307693
bgabrielsen,RB,44,0.2378378378378378,2.357142857142857,4.571428571428571,10.0,0.030303030303030304,0.7575757575757576,0.030303030303030304,0.7575757575757576
bgabrielsen,TE,14,0.1728395061728395,1.2115384615384617,4.5,7.692307692307692,0.0,0.6153846153846154,0.0,0.6153846153846154
bgabrielsen,WR,25,0.125,1.351351351351351,4.027027027027026,6.351351351351352,0.0,0.7647058823529411,0.0,0.7647058823529411
blinton2,DEF,106,0.6091954022988506,0.0,0.1016949152542372,1.1016949152542372,0.0,0.3333333333333333,0.0,0.3333333333333333
blinton2,QB,44,0.4835164835164835,0.0,0.4285714285714286,3.857142857142857,0.16666666666666666,0.16666666666666666,0.16666666666666666,0.16666666666666666
blinton2,RB,48,0.2594594594594595,0.0,3.8,6.800000000000001,0.0,0.375,0.0,0.375
blinton2,TE,25,0.3086419753086419,0.0,0.3243243243243243,4.324324324324325,0.16666666666666666,0.0,0.16666666666666666,0.0
blinton2,WR,59,0.295,0.0,0.3380281690140845,1.676056338028169,0.2,0.2,0.2,0.2
gizzle4,DEF,76,0.4367816091954023,0.0,0.1363636363636363,1.1363636363636362,0.0,0.3333333333333333,0.0,0.3333333333333333
gizzle4,QB,33,0.3626373626373626,0.0,0.5333333333333334,3.333333333333334,0.0,0.16666666666666666,0.0,0.16666666666666666
gizzle4,RB,84,0.4540540540540541,0.0,1.25,4.96875,0.125,0.08333333333333333,0.125,0.08333333333333333
gizzle4,TE,44,0.5432098765432098,0.0,0.2142857142857143,2.6428571428571432,0.1,0.3,0.1,0.3
gizzle4,WR,83,0.415,0.0,1.1263157894736842,2.3789473684210525,0.15,0.1,0.15,0.1
jcarney3344,DEF,39,0.2241379310344827,0.0,0.2352941176470588,1.2352941176470589,0.0,0.6666666666666666,,
jcarney3344,QB,19,0.2087912087912088,0.3064516129032258,3.838709677419355,9.758064516129032,0.0,0.5454545454545454,0.0,0.5454545454545454
jcarney3344,RB,50,0.2702702702702703,0.0,2.193548387096774,9.798387096774194,0.08333333333333333,0.5,0.08333333333333333,0.5
jcarney3344,TE,21,0.2592592592592592,0.0,2.272727272727273,5.0,0.1111111111111111,0.4444444444444444,0.1111111111111111,0.4444444444444444
jcarney3344,WR,48,0.24,0.6000000000000001,2.4,5.0,0.0625,0.625,0.0625,0.625
mlguagliardo,DEF,47,0.2701149425287356,1.5932203389830508,1.7966101694915255,3.593220338983051,0.0,0.5,0.0,0.5
mlguagliardo,QB,23,0.2527472527472527,1.9714285714285715,4.628571428571429,7.657142857142857,0.06666666666666667,0.13333333333333333,0.06666666666666667,0.13333333333333333
mlguagliardo,RB,34,0.1837837837837838,1.6630434782608694,5.58695652173913,11.293478260869566,0.19047619047619047,0.23809523809523808,0.19047619047619047,0.23809523809523808
mlguagliardo,TE,16,0.1975308641975308,1.7142857142857142,3.571428571428571,6.142857142857143,0.13333333333333333,0.3333333333333333,0.13333333333333333,0.3333333333333333
mlguagliardo,WR,33,0.165,2.2,4.2,9.4,0.18181818181818182,0.2727272727272727,0.18181818181818182,0.2727272727272727
nsaed,DEF,21,0.1206896551724138,0.0,0.3636363636363636,2.0,0.0,0.4,0.0,0.4
nsaed,QB,9,0.0989010989010989,1.7142857142857142,4.571428571428571,10.857142857142858,0.0,0.5,0.0,0.5
nsaed,RB,39,0.2108108108108108,3.8235294117647056,9.882352941176473,17.647058823529413,0.0,0.5757575757575758,0.0,0.5757575757575758
nsaed,TE,9,0.1111111111111111,0.4285714285714285,2.2857142857142856,5.857142857142857,0.0,0.25,0.0,0.25
nsaed,WR,27,0.135,0.6923076923076923,4.076923076923077,7.769230769230769,0.0625,0.625,0.0625,0.625
